Timestamp,Name,Age,Mobile,Address
2025-08-07 20:09:57,priya,21,1234567890,chennai
2025-08-07 20:11:06,priya,21,1234567890,chennai
2025-08-07 20:26:30,priya,21,1234567890,chennai
2025-08-10 10:59:27,priya,21,1234567890,chennai
2025-08-12 10:39:08,priya,21,1234567890,chennai
2025-08-12 10:40:22,priya,21,1234567890,chennai
2025-08-12 13:50:53,priya,21,1234567890,chennai
2025-08-12 14:04:54,priya,21,1234567890,chennai
2025-08-12 14:07:13,priya,21,1234567890,chennai
2025-08-12 14:08:31,priya,21,1234567890,chennai
2025-08-12 14:18:57,priya,21,1234567890,chennai
2025-08-12 14:19:47,priya,21,1234567890,chennai
2025-08-12 14:20:13,priya,21,1234567890,chennai
2025-08-12 14:48:31,priya,21,1234567890,chennai
2025-08-12 14:51:30,priya,21,1234567890,chennai
2025-08-12 14:52:23,priya,21,1234567890,chennai
2025-08-14 11:15:33,priya,21,1234567890,chennai
2025-08-14 11:24:05,priya,21,1234567890,chennai
2025-08-14 11:26:24,priya,21,1234567890,chennai
2025-08-14 11:29:14,priya,20,01234567890,chennai
2025-08-14 11:29:58,priya,21,1234567890,chennai
2025-08-14 13:36:33,priya,21,1234567890,chennai
2025-08-14 13:39:43,priya,21,1234567890,chennai
2025-08-14 13:45:18,priya,21,1234567890,chennai
2025-08-14 13:46:03,priya,21,1234567890,chennai
2025-08-14 13:50:33,priya,21,1234567890,chennai
2025-08-14 13:54:08,priya,21,1234567890,chennai
2025-08-14 13:55:15,priya,21,1234567890,chennai
2025-08-14 13:55:46,priya,21,1234567890,chennai
